GAGTTAACTCCATCTGTTCCCAGGCGACGGAGCCAGC,TTGACTTGAC
GAGTTAACTCCATCTGTTCCCAGGCGACGGAGCCAGC,TTGACTTGAC
GAGTTAACTCCATCTGTTCCCAGGCGACGGAGCCAGC,TTGACTTGAC
GAGTTAACTCCATCTGTTCCCAGGCGACGGAGCCAGC,TTGACTTGAC
GAGTTAACTCCATCTGTTCCCAGGCGACGGAGCCAGC,TTGACTTGAC
GAGTTAACTCCATCTGTTCCCAGGCGACGGAGCCAGC,TGGTCGTGCG
GAGTTAACTCCATCTGTTCCCAGGCGACGGAGCCAGC,TGGTCGTGCG
GAGTTAACTCCATCTGTTCCCAGGCGACGGAGCCAGC,TGGTCGTGCG
GAGTTAACTCCATCTGTTCCCAGGCGACGGAGCCAGC,TGGTCGTGCG
GAGTTAACTCCATCTGTTCCCAGGCGACGGAGCCAGC,TGGTCGTGCG
GAGTTAACTCCATCTGTTCCCAGGCGACGGAGCCAGC,AAAGCCATGT
GAGTTAACTCCATCTGTTCCCAGGCGACGGAGCCAGC,AAAGCCATGT
GAGTTAACTCCATCTGTTCCCAGGCGACGGAGCCAGC,AAAGCCATGT
GAGTTAACTCCATCTGTTCCCAGGCGACGGAGCCAGC,AAAGCCATGT
GAGTTAACTCCATCTGTTCCCAGGCGACGGAGCCAGC,AAAGCCATGT
GAGTTAACTCCATCTGTTCCCAGGCGACGGAGCCAGC,CAAAGTCGTA
GAGTTAACTCCATCTGTTCCCAGGCGACGGAGCCAGC,CAAAGTCGTA
GAGTTAACTCCATCTGTTCCCAGGCGACGGAGCCAGC,CAAAGTCGTA
GAGTTAACTCCATCTGTTCCCAGGCGACGGAGCCAGC,CAAAGTCGTA
GAGTTAACTCCATCTGTTCCCAGGCGACGGAGCCAGC,CAAAGTCGTA
GAGTTAACTCCATCTGTTCCCAGGCGACGGAGCCAGC,ATAGAAGTCT
GAGTTAACTCCATCTGTTCCCAGGCGACGGAGCCAGC,ATAGAAGTCT
GAGTTAACTCCATCTGTTCCCAGGCGACGGAGCCAGC,ATAGAAGTCT
GAGTTAACTCCATCTGTTCCCAGGCGACGGAGCCAGC,ATAGAAGTCT
GAGTTAACTCCATCTGTTCCCAGGCGACGGAGCCAGC,ATAGAAGTCT
GAGTTAACTCCATCTGTTCCCAGGCGACGGAGCCAGC,TGAACAATAG
GAGTTAACTCCATCTGTTCCCAGGCGACGGAGCCAGC,TGAACAATAG
GAGTTAACTCCATCTGTTCCCAGGCGACGGAGCCAGC,TGAACAATAG
GAGTTAACTCCATCTGTTCCCAGGCGACGGAGCCAGC,TGAACAATAG
GAGTTAACTCCATCTGTTCCCAGGCGACGGAGCCAGC,TGAACAATAG
GAGTTAACTCCATCTGTTCCCAGGCGACGGAGCCAGC,TCCAAAGCTT
GAGTTAACTCCATCTGTTCCCAGGCGACGGAGCCAGC,TCCAAAGCTT
GAGTTAACTCCATCTGTTCCCAGGCGACGGAGCCAGC,TCCAAAGCTT
GAGTTAACTCCATCTGTTCCCAGGCGACGGAGCCAGC,TCCAAAGCTT
GAGTTAACTCCATCTGTTCCCAGGCGACGGAGCCAGC,TCCAAAGCTT
GAGTTAACTCCATCTGTTCCCAGGCGACGGAGCCAGC,TCCTGCAGAC
GAGTTAACTCCATCTGTTCCCAGGCGACGGAGCCAGC,TCCTGCAGAC
GAGTTAACTCCATCTGTTCCCAGGCGACGGAGCCAGC,TCCTGCAGAC
GAGTTAACTCCATCTGTTCCCAGGCGACGGAGCCAGC,TCCTGCAGAC
GAGTTAACTCCATCTGTTCCCAGGCGACGGAGCCAGC,TCCTGCAGAC
GAGTTAACTCCATCTGTTCCCAGGCGACGGAGCCAGC,TTGGTGATGG
GAGTTAACTCCATCTGTTCCCAGGCGACGGAGCCAGC,TTGGTGATGG
GAGTTAACTCCATCTGTTCCCAGGCGACGGAGCCAGC,TTGGTGATGG
GAGTTAACTCCATCTGTTCCCAGGCGACGGAGCCAGC,TTGGTGATGG
GAGTTAACTCCATCTGTTCCCAGGCGACGGAGCCAGC,TTGGTGATGG
GAGTTAACTCCATCTGTTCCCAGGCGACGGAGCCAGC,CTAAGGTGGT
GAGTTAACTCCATCTGTTCCCAGGCGACGGAGCCAGC,CTAAGGTGGT
GAGTTAACTCCATCTGTTCCCAGGCGACGGAGCCAGC,CTAAGGTGGT
GAGTTAACTCCATCTGTTCCCAGGCGACGGAGCCAGC,CTAAGGTGGT
GAGTTAACTCCATCTGTTCCCAGGCGACGGAGCCAGC,CTAAGGTGGT
GAGTTAACTCCATCTGTTCCCAGGCGACGGAGCCAGC,GTTTTAAGAT
GAGTTAACTCCATCTGTTCCCAGGCGACGGAGCCAGC,GTTTTAAGAT
GAGTTAACTCCATCTGTTCCCAGGCGACGGAGCCAGC,GTTTTAAGAT
GAGTTAACTCCATCTGTTCCCAGGCGACGGAGCCAGC,GTTTTAAGAT
GAGTTAACTCCATCTGTTCCCAGGCGACGGAGCCAGC,GTTTTAAGAT
GAGTTAACTCCATCTGTTCCCAGGCGACGGAGCCAGC,CCTTTACTAC
GAGTTAACTCCATCTGTTCCCAGGCGACGGAGCCAGC,CCTTTACTAC
GAGTTAACTCCATCTGTTCCCAGGCGACGGAGCCAGC,CCTTTACTAC
GAGTTAACTCCATCTGTTCCCAGGCGACGGAGCCAGC,CCTTTACTAC
GAGTTAACTCCATCTGTTCCCAGGCGACGGAGCCAGC,CCTTTACTAC
GAGTTAACTCCATCTGTTCCCAGGCGACGGAGCCAGC,GCATGCGTCA
GAGTTAACTCCATCTGTTCCCAGGCGACGGAGCCAGC,GCATGCGTCA
GAGTTAACTCCATCTGTTCCCAGGCGACGGAGCCAGC,GCATGCGTCA
GAGTTAACTCCATCTGTTCCCAGGCGACGGAGCCAGC,GCATGCGTCA
GAGTTAACTCCATCTGTTCCCAGGCGACGGAGCCAGC,GCATGCGTCA
GAGTTAACTCCATCTGTTCCCAGGCGACGGAGCCAGC,TCATTCTACG
GAGTTAACTCCATCTGTTCCCAGGCGACGGAGCCAGC,TCATTCTACG
GAGTTAACTCCATCTGTTCCCAGGCGACGGAGCCAGC,TCATTCTACG
GAGTTAACTCCATCTGTTCCCAGGCGACGGAGCCAGC,TCATTCTACG
GAGTTAACTCCATCTGTTCCCAGGCGACGGAGCCAGC,TCATTCTACG
GAGTTAACTCCATCTGTTCCCAGGCGACGGAGCCAGC,CTTTGCGCGC
GAGTTAACTCCATCTGTTCCCAGGCGACGGAGCCAGC,CTTTGCGCGC
GAGTTAACTCCATCTGTTCCCAGGCGACGGAGCCAGC,CTTTGCGCGC
GAGTTAACTCCATCTGTTCCCAGGCGACGGAGCCAGC,CTTTGCGCGC
GAGTTAACTCCATCTGTTCCCAGGCGACGGAGCCAGC,CTTTGCGCGC
GAGTTAACTCCATCTGTTCCCAGGCGACGGAGCCAGC,CTACTATATC
GAGTTAACTCCATCTGTTCCCAGGCGACGGAGCCAGC,CTACTATATC
GAGTTAACTCCATCTGTTCCCAGGCGACGGAGCCAGC,CTACTATATC
GAGTTAACTCCATCTGTTCCCAGGCGACGGAGCCAGC,CTACTATATC
GAGTTAACTCCATCTGTTCCCAGGCGACGGAGCCAGC,CTACTATATC
GAGTTAACTCCATCTGTTCCCAGGCGACGGAGCCAGC,TAGAGGATCT
GAGTTAACTCCATCTGTTCCCAGGCGACGGAGCCAGC,TAGAGGATCT
GAGTTAACTCCATCTGTTCCCAGGCGACGGAGCCAGC,TAGAGGATCT
GAGTTAACTCCATCTGTTCCCAGGCGACGGAGCCAGC,TAGAGGATCT
GAGTTAACTCCATCTGTTCCCAGGCGACGGAGCCAGC,TAGAGGATCT
GAGTTAACTCCATCTGTTCCCAGGCGACGGAGCCAGC,GGCACCGGAG
GAGTTAACTCCATCTGTTCCCAGGCGACGGAGCCAGC,GGCACCGGAG
GAGTTAACTCCATCTGTTCCCAGGCGACGGAGCCAGC,GGCACCGGAG
GAGTTAACTCCATCTGTTCCCAGGCGACGGAGCCAGC,GGCACCGGAG
GAGTTAACTCCATCTGTTCCCAGGCGACGGAGCCAGC,GGCACCGGAG
GAGTTAACTCCATCTGTTCCCAGGCGACGGAGCCAGC,GGGTAGAGTC
GAGTTAACTCCATCTGTTCCCAGGCGACGGAGCCAGC,GGGTAGAGTC
GAGTTAACTCCATCTGTTCCCAGGCGACGGAGCCAGC,GGGTAGAGTC
GAGTTAACTCCATCTGTTCCCAGGCGACGGAGCCAGC,GGGTAGAGTC
GAGTTAACTCCATCTGTTCCCAGGCGACGGAGCCAGC,GGGTAGAGTC
GAGTTAACTCCATCTGTTCCCAGGCGACGGAGCCAGC,GTGACCGCAG
GAGTTAACTCCATCTGTTCCCAGGCGACGGAGCCAGC,GTGACCGCAG
GAGTTAACTCCATCTGTTCCCAGGCGACGGAGCCAGC,GTGACCGCAG
GAGTTAACTCCATCTGTTCCCAGGCGACGGAGCCAGC,GTGACCGCAG
GAGTTAACTCCATCTGTTCCCAGGCGACGGAGCCAGC,GTGACCGCAG
GCCGGAAGTTCGCCTTTACCAACGATGCGCACTAACT,TTTCATCGTA
GCCGGAAGTTCGCCTTTACCAACGATGCGCACTAACT,TTTCATCGTA
GCCGGAAGTTCGCCTTTACCAACGATGCGCACTAACT,TTTCATCGTA
GCCGGAAGTTCGCCTTTACCAACGATGCGCACTAACT,TTTCATCGTA
GCCGGAAGTTCGCCTTTACCAACGATGCGCACTAACT,TTTCATCGTA
GCCGGAAGTTCGCCTTTACCAACGATGCGCACTAACT,TTATCTCCAC
GCCGGAAGTTCGCCTTTACCAACGATGCGCACTAACT,TTATCTCCAC
GCCGGAAGTTCGCCTTTACCAACGATGCGCACTAACT,TTATCTCCAC
GCCGGAAGTTCGCCTTTACCAACGATGCGCACTAACT,TTATCTCCAC
GCCGGAAGTTCGCCTTTACCAACGATGCGCACTAACT,TTATCTCCAC
GCCGGAAGTTCGCCTTTACCAACGATGCGCACTAACT,GGTTGAGCTT
GCCGGAAGTTCGCCTTTACCAACGATGCGCACTAACT,GGTTGAGCTT
GCCGGAAGTTCGCCTTTACCAACGATGCGCACTAACT,GGTTGAGCTT
GCCGGAAGTTCGCCTTTACCAACGATGCGCACTAACT,GGTTGAGCTT
GCCGGAAGTTCGCCTTTACCAACGATGCGCACTAACT,GGTTGAGCTT
GCCGGAAGTTCGCCTTTACCAACGATGCGCACTAACT,GGCCGTTTTG
GCCGGAAGTTCGCCTTTACCAACGATGCGCACTAACT,GGCCGTTTTG
GCCGGAAGTTCGCCTTTACCAACGATGCGCACTAACT,GGCCGTTTTG
GCCGGAAGTTCGCCTTTACCAACGATGCGCACTAACT,GGCCGTTTTG
GCCGGAAGTTCGCCTTTACCAACGATGCGCACTAACT,GGCCGTTTTG
GCCGGAAGTTCGCCTTTACCAACGATGCGCACTAACT,ATCTAGGTAG
GCCGGAAGTTCGCCTTTACCAACGATGCGCACTAACT,ATCTAGGTAG
GCCGGAAGTTCGCCTTTACCAACGATGCGCACTAACT,ATCTAGGTAG
GCCGGAAGTTCGCCTTTACCAACGATGCGCACTAACT,ATCTAGGTAG
GCCGGAAGTTCGCCTTTACCAACGATGCGCACTAACT,ATCTAGGTAG
GCCGGAAGTTCGCCTTTACCAACGATGCGCACTAACT,CCCTAATAAA
GCCGGAAGTTCGCCTTTACCAACGATGCGCACTAACT,CCCTAATAAA
GCCGGAAGTTCGCCTTTACCAACGATGCGCACTAACT,CCCTAATAAA
GCCGGAAGTTCGCCTTTACCAACGATGCGCACTAACT,CCCTAATAAA
GCCGGAAGTTCGCCTTTACCAACGATGCGCACTAACT,CCCTAATAAA
GCCGGAAGTTCGCCTTTACCAACGATGCGCACTAACT,GATGATTTTA
GCCGGAAGTTCGCCTTTACCAACGATGCGCACTAACT,GATGATTTTA
GCCGGAAGTTCGCCTTTACCAACGATGCGCACTAACT,GATGATTTTA
GCCGGAAGTTCGCCTTTACCAACGATGCGCACTAACT,GATGATTTTA
GCCGGAAGTTCGCCTTTACCAACGATGCGCACTAACT,GATGATTTTA
GCCGGAAGTTCGCCTTTACCAACGATGCGCACTAACT,TTGCATGACA
GCCGGAAGTTCGCCTTTACCAACGATGCGCACTAACT,TTGCATGACA
GCCGGAAGTTCGCCTTTACCAACGATGCGCACTAACT,TTGCATGACA
GCCGGAAGTTCGCCTTTACCAACGATGCGCACTAACT,TTGCATGACA
GCCGGAAGTTCGCCTTTACCAACGATGCGCACTAACT,TTGCATGACA
GCCGGAAGTTCGCCTTTACCAACGATGCGCACTAACT,CGCCTATATT
GCCGGAAGTTCGCCTTTACCAACGATGCGCACTAACT,CGCCTATATT
GCCGGAAGTTCGCCTTTACCAACGATGCGCACTAACT,CGCCTATATT
GCCGGAAGTTCGCCTTTACCAACGATGCGCACTAACT,CGCCTATATT
GCCGGAAGTTCGCCTTTACCAACGATGCGCACTAACT,CGCCTATATT
GCCGGAAGTTCGCCTTTACCAACGATGCGCACTAACT,ATGTGCTTCG
GCCGGAAGTTCGCCTTTACCAACGATGCGCACTAACT,ATGTGCTTCG
GCCGGAAGTTCGCCTTTACCAACGATGCGCACTAACT,ATGTGCTTCG
GCCGGAAGTTCGCCTTTACCAACGATGCGCACTAACT,ATGTGCTTCG
GCCGGAAGTTCGCCTTTACCAACGATGCGCACTAACT,ATGTGCTTCG
GCCGGAAGTTCGCCTTTACCAACGATGCGCACTAACT,ACACCACGAA
GCCGGAAGTTCGCCTTTACCAACGATGCGCACTAACT,ACACCACGAA
GCCGGAAGTTCGCCTTTACCAACGATGCGCACTAACT,ACACCACGAA
GCCGGAAGTTCGCCTTTACCAACGATGCGCACTAACT,ACACCACGAA
GCCGGAAGTTCGCCTTTACCAACGATGCGCACTAACT,ACACCACGAA
GCCGGAAGTTCGCCTTTACCAACGATGCGCACTAACT,GTAGTAAGAC
GCCGGAAGTTCGCCTTTACCAACGATGCGCACTAACT,GTAGTAAGAC
GCCGGAAGTTCGCCTTTACCAACGATGCGCACTAACT,GTAGTAAGAC
GCCGGAAGTTCGCCTTTACCAACGATGCGCACTAACT,GTAGTAAGAC
GCCGGAAGTTCGCCTTTACCAACGATGCGCACTAACT,GTAGTAAGAC
GCCGGAAGTTCGCCTTTACCAACGATGCGCACTAACT,GCGTTGTAGG
GCCGGAAGTTCGCCTTTACCAACGATGCGCACTAACT,GCGTTGTAGG
GCCGGAAGTTCGCCTTTACCAACGATGCGCACTAACT,GCGTTGTAGG
GCCGGAAGTTCGCCTTTACCAACGATGCGCACTAACT,GCGTTGTAGG
GCCGGAAGTTCGCCTTTACCAACGATGCGCACTAACT,GCGTTGTAGG
GCCGGAAGTTCGCCTTTACCAACGATGCGCACTAACT,AATGCACCAC
GCCGGAAGTTCGCCTTTACCAACGATGCGCACTAACT,AATGCACCAC
GCCGGAAGTTCGCCTTTACCAACGATGCGCACTAACT,AATGCACCAC
GCCGGAAGTTCGCCTTTACCAACGATGCGCACTAACT,AATGCACCAC
GCCGGAAGTTCGCCTTTACCAACGATGCGCACTAACT,AATGCACCAC
GCCGGAAGTTCGCCTTTACCAACGATGCGCACTAACT,AATGGGCTAA
GCCGGAAGTTCGCCTTTACCAACGATGCGCACTAACT,AATGGGCTAA
GCCGGAAGTTCGCCTTTACCAACGATGCGCACTAACT,AATGGGCTAA
GCCGGAAGTTCGCCTTTACCAACGATGCGCACTAACT,AATGGGCTAA
GCCGGAAGTTCGCCTTTACCAACGATGCGCACTAACT,AATGGGCTAA
GCCGGAAGTTCGCCTTTACCAACGATGCGCACTAACT,CTAGTATGAC
GCCGGAAGTTCGCCTTTACCAACGATGCGCACTAACT,CTAGTATGAC
GCCGGAAGTTCGCCTTTACCAACGATGCGCACTAACT,CTAGTATGAC
GCCGGAAGTTCGCCTTTACCAACGATGCGCACTAACT,CTAGTATGAC
GCCGGAAGTTCGCCTTTACCAACGATGCGCACTAACT,CTAGTATGAC
GTTTAGGCAGGTCCTGTATCAGAGAGGTTCCATCAGA,CCGGAGCTGT
GTTTAGGCAGGTCCTGTATCAGAGAGGTTCCATCAGA,CCGGAGCTGT
GTTTAGGCAGGTCCTGTATCAGAGAGGTTCCATCAGA,CCGGAGCTGT
GTTTAGGCAGGTCCTGTATCAGAGAGGTTCCATCAGA,CCGGAGCTGT
GTTTAGGCAGGTCCTGTATCAGAGAGGTTCCATCAGA,CCGGAGCTGT
GTTTAGGCAGGTCCTGTATCAGAGAGGTTCCATCAGA,TCCCTGGTGA
GTTTAGGCAGGTCCTGTATCAGAGAGGTTCCATCAGA,TCCCTGGTGA
GTTTAGGCAGGTCCTGTATCAGAGAGGTTCCATCAGA,TCCCTGGTGA
GTTTAGGCAGGTCCTGTATCAGAGAGGTTCCATCAGA,TCCCTGGTGA
GTTTAGGCAGGTCCTGTATCAGAGAGGTTCCATCAGA,TCCCTGGTGA
GTTTAGGCAGGTCCTGTATCAGAGAGGTTCCATCAGA,CAGTGAGGTA
GTTTAGGCAGGTCCTGTATCAGAGAGGTTCCATCAGA,CAGTGAGGTA
GTTTAGGCAGGTCCTGTATCAGAGAGGTTCCATCAGA,CAGTGAGGTA
GTTTAGGCAGGTCCTGTATCAGAGAGGTTCCATCAGA,CAGTGAGGTA
GTTTAGGCAGGTCCTGTATCAGAGAGGTTCCATCAGA,CAGTGAGGTA
GTTTAGGCAGGTCCTGTATCAGAGAGGTTCCATCAGA,GATATTCATT
GTTTAGGCAGGTCCTGTATCAGAGAGGTTCCATCAGA,GATATTCATT
GTTTAGGCAGGTCCTGTATCAGAGAGGTTCCATCAGA,GATATTCATT
GTTTAGGCAGGTCCTGTATCAGAGAGGTTCCATCAGA,GATATTCATT
GTTTAGGCAGGTCCTGTATCAGAGAGGTTCCATCAGA,GATATTCATT
GTTTAGGCAGGTCCTGTATCAGAGAGGTTCCATCAGA,ACGATGTATG
GTTTAGGCAGGTCCTGTATCAGAGAGGTTCCATCAGA,ACGATGTATG
GTTTAGGCAGGTCCTGTATCAGAGAGGTTCCATCAGA,ACGATGTATG
GTTTAGGCAGGTCCTGTATCAGAGAGGTTCCATCAGA,ACGATGTATG
GTTTAGGCAGGTCCTGTATCAGAGAGGTTCCATCAGA,ACGATGTATG
GTTTAGGCAGGTCCTGTATCAGAGAGGTTCCATCAGA,GGTATGTCGC
GTTTAGGCAGGTCCTGTATCAGAGAGGTTCCATCAGA,GGTATGTCGC
GTTTAGGCAGGTCCTGTATCAGAGAGGTTCCATCAGA,GGTATGTCGC
GTTTAGGCAGGTCCTGTATCAGAGAGGTTCCATCAGA,GGTATGTCGC
GTTTAGGCAGGTCCTGTATCAGAGAGGTTCCATCAGA,GGTATGTCGC
GTTTAGGCAGGTCCTGTATCAGAGAGGTTCCATCAGA,AAGCGTCGTC
GTTTAGGCAGGTCCTGTATCAGAGAGGTTCCATCAGA,AAGCGTCGTC
GTTTAGGCAGGTCCTGTATCAGAGAGGTTCCATCAGA,AAGCGTCGTC
GTTTAGGCAGGTCCTGTATCAGAGAGGTTCCATCAGA,AAGCGTCGTC
GTTTAGGCAGGTCCTGTATCAGAGAGGTTCCATCAGA,AAGCGTCGTC
GTTTAGGCAGGTCCTGTATCAGAGAGGTTCCATCAGA,GCCTAAGTTC
GTTTAGGCAGGTCCTGTATCAGAGAGGTTCCATCAGA,GCCTAAGTTC
GTTTAGGCAGGTCCTGTATCAGAGAGGTTCCATCAGA,GCCTAAGTTC
GTTTAGGCAGGTCCTGTATCAGAGAGGTTCCATCAGA,GCCTAAGTTC
GTTTAGGCAGGTCCTGTATCAGAGAGGTTCCATCAGA,GCCTAAGTTC
GTTTAGGCAGGTCCTGTATCAGAGAGGTTCCATCAGA,CTCTAGTTGT
GTTTAGGCAGGTCCTGTATCAGAGAGGTTCCATCAGA,CTCTAGTTGT
GTTTAGGCAGGTCCTGTATCAGAGAGGTTCCATCAGA,CTCTAGTTGT
GTTTAGGCAGGTCCTGTATCAGAGAGGTTCCATCAGA,CTCTAGTTGT
GTTTAGGCAGGTCCTGTATCAGAGAGGTTCCATCAGA,CTCTAGTTGT
GTTTAGGCAGGTCCTGTATCAGAGAGGTTCCATCAGA,GTAAAAAAAA
GTTTAGGCAGGTCCTGTATCAGAGAGGTTCCATCAGA,GTAAAAAAAA
GTTTAGGCAGGTCCTGTATCAGAGAGGTTCCATCAGA,GTAAAAAAAA
GTTTAGGCAGGTCCTGTATCAGAGAGGTTCCATCAGA,GTAAAAAAAA
GTTTAGGCAGGTCCTGTATCAGAGAGGTTCCATCAGA,GTAAAAAAAA
GTTTAGGCAGGTCCTGTATCAGAGAGGTTCCATCAGA,AAATATTGTC
GTTTAGGCAGGTCCTGTATCAGAGAGGTTCCATCAGA,AAATATTGTC
GTTTAGGCAGGTCCTGTATCAGAGAGGTTCCATCAGA,AAATATTGTC
GTTTAGGCAGGTCCTGTATCAGAGAGGTTCCATCAGA,AAATATTGTC
GTTTAGGCAGGTCCTGTATCAGAGAGGTTCCATCAGA,AAATATTGTC
GTTTAGGCAGGTCCTGTATCAGAGAGGTTCCATCAGA,AAGGCAGTCA
GTTTAGGCAGGTCCTGTATCAGAGAGGTTCCATCAGA,AAGGCAGTCA
GTTTAGGCAGGTCCTGTATCAGAGAGGTTCCATCAGA,AAGGCAGTCA
GTTTAGGCAGGTCCTGTATCAGAGAGGTTCCATCAGA,AAGGCAGTCA
GTTTAGGCAGGTCCTGTATCAGAGAGGTTCCATCAGA,AAGGCAGTCA
GACCACGCGTGGTTTTGCTGCGATCAACAATGCTCAC,CTTTAAGATG
GACCACGCGTGGTTTTGCTGCGATCAACAATGCTCAC,CTTTAAGATG
GACCACGCGTGGTTTTGCTGCGATCAACAATGCTCAC,CTTTAAGATG
GACCACGCGTGGTTTTGCTGCGATCAACAATGCTCAC,CTTTAAGATG
GACCACGCGTGGTTTTGCTGCGATCAACAATGCTCAC,CTTTAAGATG
GACCACGCGTGGTTTTGCTGCGATCAACAATGCTCAC,GGTGATACAA
GACCACGCGTGGTTTTGCTGCGATCAACAATGCTCAC,GGTGATACAA
GACCACGCGTGGTTTTGCTGCGATCAACAATGCTCAC,GGTGATACAA
GACCACGCGTGGTTTTGCTGCGATCAACAATGCTCAC,GGTGATACAA
GACCACGCGTGGTTTTGCTGCGATCAACAATGCTCAC,GGTGATACAA
GACCACGCGTGGTTTTGCTGCGATCAACAATGCTCAC,AGGCTGGCCG
GACCACGCGTGGTTTTGCTGCGATCAACAATGCTCAC,AGGCTGGCCG
GACCACGCGTGGTTTTGCTGCGATCAACAATGCTCAC,AGGCTGGCCG
GACCACGCGTGGTTTTGCTGCGATCAACAATGCTCAC,AGGCTGGCCG
GACCACGCGTGGTTTTGCTGCGATCAACAATGCTCAC,AGGCTGGCCG
GACCACGCGTGGTTTTGCTGCGATCAACAATGCTCAC,TGGTTACGTT
GACCACGCGTGGTTTTGCTGCGATCAACAATGCTCAC,TGGTTACGTT
GACCACGCGTGGTTTTGCTGCGATCAACAATGCTCAC,TGGTTACGTT
GACCACGCGTGGTTTTGCTGCGATCAACAATGCTCAC,TGGTTACGTT
GACCACGCGTGGTTTTGCTGCGATCAACAATGCTCAC,TGGTTACGTT
GACCACGCGTGGTTTTGCTGCGATCAACAATGCTCAC,AGAACCTCTT
GACCACGCGTGGTTTTGCTGCGATCAACAATGCTCAC,AGAACCTCTT
GACCACGCGTGGTTTTGCTGCGATCAACAATGCTCAC,AGAACCTCTT
GACCACGCGTGGTTTTGCTGCGATCAACAATGCTCAC,AGAACCTCTT
GACCACGCGTGGTTTTGCTGCGATCAACAATGCTCAC,AGAACCTCTT
GACCACGCGTGGTTTTGCTGCGATCAACAATGCTCAC,GTCTGGGTGC
GACCACGCGTGGTTTTGCTGCGATCAACAATGCTCAC,GTCTGGGTGC
GACCACGCGTGGTTTTGCTGCGATCAACAATGCTCAC,GTCTGGGTGC
GACCACGCGTGGTTTTGCTGCGATCAACAATGCTCAC,GTCTGGGTGC
GACCACGCGTGGTTTTGCTGCGATCAACAATGCTCAC,GTCTGGGTGC
GACCACGCGTGGTTTTGCTGCGATCAACAATGCTCAC,TTTTCTTCTT
GACCACGCGTGGTTTTGCTGCGATCAACAATGCTCAC,TTTTCTTCTT
GACCACGCGTGGTTTTGCTGCGATCAACAATGCTCAC,TTTTCTTCTT
GACCACGCGTGGTTTTGCTGCGATCAACAATGCTCAC,TTTTCTTCTT
GACCACGCGTGGTTTTGCTGCGATCAACAATGCTCAC,TTTTCTTCTT
GACCACGCGTGGTTTTGCTGCGATCAACAATGCTCAC,ATGGGTTCAA
GACCACGCGTGGTTTTGCTGCGATCAACAATGCTCAC,ATGGGTTCAA
GACCACGCGTGGTTTTGCTGCGATCAACAATGCTCAC,ATGGGTTCAA
GACCACGCGTGGTTTTGCTGCGATCAACAATGCTCAC,ATGGGTTCAA
GACCACGCGTGGTTTTGCTGCGATCAACAATGCTCAC,ATGGGTTCAA
TCTGGCAATGGCAAGTAGCAGCGAAGGTGGCTCCCCC,GCATCGACTA
TCTGGCAATGGCAAGTAGCAGCGAAGGTGGCTCCCCC,GCATCGACTA
TCTGGCAATGGCAAGTAGCAGCGAAGGTGGCTCCCCC,GCATCGACTA
TCTGGCAATGGCAAGTAGCAGCGAAGGTGGCTCCCCC,GCATCGACTA
TCTGGCAATGGCAAGTAGCAGCGAAGGTGGCTCCCCC,GCATCGACTA
TCTGGCAATGGCAAGTAGCAGCGAAGGTGGCTCCCCC,CGTCTCATAC
TCTGGCAATGGCAAGTAGCAGCGAAGGTGGCTCCCCC,CGTCTCATAC
TCTGGCAATGGCAAGTAGCAGCGAAGGTGGCTCCCCC,CGTCTCATAC
TCTGGCAATGGCAAGTAGCAGCGAAGGTGGCTCCCCC,CGTCTCATAC
TCTGGCAATGGCAAGTAGCAGCGAAGGTGGCTCCCCC,CGTCTCATAC
TCTGGCAATGGCAAGTAGCAGCGAAGGTGGCTCCCCC,GACGTTCGCA
TCTGGCAATGGCAAGTAGCAGCGAAGGTGGCTCCCCC,GACGTTCGCA
TCTGGCAATGGCAAGTAGCAGCGAAGGTGGCTCCCCC,GACGTTCGCA
TCTGGCAATGGCAAGTAGCAGCGAAGGTGGCTCCCCC,GACGTTCGCA
TCTGGCAATGGCAAGTAGCAGCGAAGGTGGCTCCCCC,GACGTTCGCA
TCTGGCAATGGCAAGTAGCAGCGAAGGTGGCTCCCCC,ACGTTAGTCG
TCTGGCAATGGCAAGTAGCAGCGAAGGTGGCTCCCCC,ACGTTAGTCG
TCTGGCAATGGCAAGTAGCAGCGAAGGTGGCTCCCCC,ACGTTAGTCG
TCTGGCAATGGCAAGTAGCAGCGAAGGTGGCTCCCCC,ACGTTAGTCG
TCTGGCAATGGCAAGTAGCAGCGAAGGTGGCTCCCCC,ACGTTAGTCG
AAAATCCATTCCGGATGGACAGTGACACCGAGAACGA,ACTTTAATGA
AAAATCCATTCCGGATGGACAGTGACACCGAGAACGA,ACTTTAATGA
AAAATCCATTCCGGATGGACAGTGACACCGAGAACGA,ACTTTAATGA
AAAATCCATTCCGGATGGACAGTGACACCGAGAACGA,ACTTTAATGA
AAAATCCATTCCGGATGGACAGTGACACCGAGAACGA,ACTTTAATGA
