>test_sample,CCCCCCCCCCCCCCAA,TTGACTTGAC,GAGTTAACTCCATCTGTTCCCAGGCGACGGAGCCAGC
>test_sample,CCCCCCCCCCCCCCAA,TTGACTTGAC,GAGTTAACTCCATCTGTTCCCAGGCGACGGAGCCAGC
>test_sample,CCCCCCCCCCCCCCAA,TTGACTTGAC,GAGTTAACTCCATCTGTTCCCAGGCGACGGAGCCAGC
>test_sample,CCCCCCCCCCCCCCAA,TTGACTTGAC,GAGTTAACTCCATCTGTTCCCAGGCGACGGAGCCAGC
>test_sample,CCCCCCCCCCCCCCAA,TTGACTTGAC,GAGTTAACTCCATCTGTTCCCAGGCGACGGAGCCAGC
>test_sample,CCCCCCCCCCCCCCAA,TGGTCGTGCG,GAGTTAACTCCATCTGTTCCCAGGCGACGGAGCCAGC
>test_sample,CCCCCCCCCCCCCCAA,TGGTCGTGCG,GAGTTAACTCCATCTGTTCCCAGGCGACGGAGCCAGC
>test_sample,CCCCCCCCCCCCCCAA,TGGTCGTGCG,GAGTTAACTCCATCTGTTCCCAGGCGACGGAGCCAGC
>test_sample,CCCCCCCCCCCCCCAA,TGGTCGTGCG,GAGTTAACTCCATCTGTTCCCAGGCGACGGAGCCAGC
>test_sample,CCCCCCCCCCCCCCAA,TGGTCGTGCG,GAGTTAACTCCATCTGTTCCCAGGCGACGGAGCCAGC
>test_sample,CCCCCCCCCCCCCCAA,AAAGCCATGT,GAGTTAACTCCATCTGTTCCCAGGCGACGGAGCCAGC
>test_sample,CCCCCCCCCCCCCCAA,AAAGCCATGT,GAGTTAACTCCATCTGTTCCCAGGCGACGGAGCCAGC
>test_sample,CCCCCCCCCCCCCCAA,AAAGCCATGT,GAGTTAACTCCATCTGTTCCCAGGCGACGGAGCCAGC
>test_sample,CCCCCCCCCCCCCCAA,AAAGCCATGT,GAGTTAACTCCATCTGTTCCCAGGCGACGGAGCCAGC
>test_sample,CCCCCCCCCCCCCCAA,AAAGCCATGT,GAGTTAACTCCATCTGTTCCCAGGCGACGGAGCCAGC
>test_sample,CCCCCCCCCCCCCCAA,CAAAGTCGTA,GAGTTAACTCCATCTGTTCCCAGGCGACGGAGCCAGC
>test_sample,CCCCCCCCCCCCCCAA,CAAAGTCGTA,GAGTTAACTCCATCTGTTCCCAGGCGACGGAGCCAGC
>test_sample,CCCCCCCCCCCCCCAA,CAAAGTCGTA,GAGTTAACTCCATCTGTTCCCAGGCGACGGAGCCAGC
>test_sample,CCCCCCCCCCCCCCAA,CAAAGTCGTA,GAGTTAACTCCATCTGTTCCCAGGCGACGGAGCCAGC
>test_sample,CCCCCCCCCCCCCCAA,CAAAGTCGTA,GAGTTAACTCCATCTGTTCCCAGGCGACGGAGCCAGC
>test_sample,CCCCCCCCCCCCCCAA,ATAGAAGTCT,GAGTTAACTCCATCTGTTCCCAGGCGACGGAGCCAGC
>test_sample,CCCCCCCCCCCCCCAA,ATAGAAGTCT,GAGTTAACTCCATCTGTTCCCAGGCGACGGAGCCAGC
>test_sample,CCCCCCCCCCCCCCAA,ATAGAAGTCT,GAGTTAACTCCATCTGTTCCCAGGCGACGGAGCCAGC
>test_sample,CCCCCCCCCCCCCCAA,ATAGAAGTCT,GAGTTAACTCCATCTGTTCCCAGGCGACGGAGCCAGC
>test_sample,CCCCCCCCCCCCCCAA,ATAGAAGTCT,GAGTTAACTCCATCTGTTCCCAGGCGACGGAGCCAGC
>test_sample,CCCCCCCCCCCCCCAA,TGAACAATAG,GAGTTAACTCCATCTGTTCCCAGGCGACGGAGCCAGC
>test_sample,CCCCCCCCCCCCCCAA,TGAACAATAG,GAGTTAACTCCATCTGTTCCCAGGCGACGGAGCCAGC
>test_sample,CCCCCCCCCCCCCCAA,TGAACAATAG,GAGTTAACTCCATCTGTTCCCAGGCGACGGAGCCAGC
>test_sample,CCCCCCCCCCCCCCAA,TGAACAATAG,GAGTTAACTCCATCTGTTCCCAGGCGACGGAGCCAGC
>test_sample,CCCCCCCCCCCCCCAA,TGAACAATAG,GAGTTAACTCCATCTGTTCCCAGGCGACGGAGCCAGC
>test_sample,CCCCCCCCCCCCCCAA,TCCAAAGCTT,GAGTTAACTCCATCTGTTCCCAGGCGACGGAGCCAGC
>test_sample,CCCCCCCCCCCCCCAA,TCCAAAGCTT,GAGTTAACTCCATCTGTTCCCAGGCGACGGAGCCAGC
>test_sample,CCCCCCCCCCCCCCAA,TCCAAAGCTT,GAGTTAACTCCATCTGTTCCCAGGCGACGGAGCCAGC
>test_sample,CCCCCCCCCCCCCCAA,TCCAAAGCTT,GAGTTAACTCCATCTGTTCCCAGGCGACGGAGCCAGC
>test_sample,CCCCCCCCCCCCCCAA,TCCAAAGCTT,GAGTTAACTCCATCTGTTCCCAGGCGACGGAGCCAGC
>test_sample,CCCCCCCCCCCCCCAA,TCCTGCAGAC,GAGTTAACTCCATCTGTTCCCAGGCGACGGAGCCAGC
>test_sample,CCCCCCCCCCCCCCAA,TCCTGCAGAC,GAGTTAACTCCATCTGTTCCCAGGCGACGGAGCCAGC
>test_sample,CCCCCCCCCCCCCCAA,TCCTGCAGAC,GAGTTAACTCCATCTGTTCCCAGGCGACGGAGCCAGC
>test_sample,CCCCCCCCCCCCCCAA,TCCTGCAGAC,GAGTTAACTCCATCTGTTCCCAGGCGACGGAGCCAGC
>test_sample,CCCCCCCCCCCCCCAA,TCCTGCAGAC,GAGTTAACTCCATCTGTTCCCAGGCGACGGAGCCAGC
>test_sample,CCCCCCCCCCCCCCAA,TTGGTGATGG,GAGTTAACTCCATCTGTTCCCAGGCGACGGAGCCAGC
>test_sample,CCCCCCCCCCCCCCAA,TTGGTGATGG,GAGTTAACTCCATCTGTTCCCAGGCGACGGAGCCAGC
>test_sample,CCCCCCCCCCCCCCAA,TTGGTGATGG,GAGTTAACTCCATCTGTTCCCAGGCGACGGAGCCAGC
>test_sample,CCCCCCCCCCCCCCAA,TTGGTGATGG,GAGTTAACTCCATCTGTTCCCAGGCGACGGAGCCAGC
>test_sample,CCCCCCCCCCCCCCAA,TTGGTGATGG,GAGTTAACTCCATCTGTTCCCAGGCGACGGAGCCAGC
>test_sample,CCCCCCCCCCCCCCAA,CTAAGGTGGT,GAGTTAACTCCATCTGTTCCCAGGCGACGGAGCCAGC
>test_sample,CCCCCCCCCCCCCCAA,CTAAGGTGGT,GAGTTAACTCCATCTGTTCCCAGGCGACGGAGCCAGC
>test_sample,CCCCCCCCCCCCCCAA,CTAAGGTGGT,GAGTTAACTCCATCTGTTCCCAGGCGACGGAGCCAGC
>test_sample,CCCCCCCCCCCCCCAA,CTAAGGTGGT,GAGTTAACTCCATCTGTTCCCAGGCGACGGAGCCAGC
>test_sample,CCCCCCCCCCCCCCAA,CTAAGGTGGT,GAGTTAACTCCATCTGTTCCCAGGCGACGGAGCCAGC
>test_sample,CCCCCCCCCCCCCCAA,GTTTTAAGAT,GAGTTAACTCCATCTGTTCCCAGGCGACGGAGCCAGC
>test_sample,CCCCCCCCCCCCCCAA,GTTTTAAGAT,GAGTTAACTCCATCTGTTCCCAGGCGACGGAGCCAGC
>test_sample,CCCCCCCCCCCCCCAA,GTTTTAAGAT,GAGTTAACTCCATCTGTTCCCAGGCGACGGAGCCAGC
>test_sample,CCCCCCCCCCCCCCAA,GTTTTAAGAT,GAGTTAACTCCATCTGTTCCCAGGCGACGGAGCCAGC
>test_sample,CCCCCCCCCCCCCCAA,GTTTTAAGAT,GAGTTAACTCCATCTGTTCCCAGGCGACGGAGCCAGC
>test_sample,CCCCCCCCCCCCCCAA,CCTTTACTAC,GAGTTAACTCCATCTGTTCCCAGGCGACGGAGCCAGC
>test_sample,CCCCCCCCCCCCCCAA,CCTTTACTAC,GAGTTAACTCCATCTGTTCCCAGGCGACGGAGCCAGC
>test_sample,CCCCCCCCCCCCCCAA,CCTTTACTAC,GAGTTAACTCCATCTGTTCCCAGGCGACGGAGCCAGC
>test_sample,CCCCCCCCCCCCCCAA,CCTTTACTAC,GAGTTAACTCCATCTGTTCCCAGGCGACGGAGCCAGC
>test_sample,CCCCCCCCCCCCCCAA,CCTTTACTAC,GAGTTAACTCCATCTGTTCCCAGGCGACGGAGCCAGC
>test_sample,CCCCCCCCCCCCCCAA,GCATGCGTCA,GAGTTAACTCCATCTGTTCCCAGGCGACGGAGCCAGC
>test_sample,CCCCCCCCCCCCCCAA,GCATGCGTCA,GAGTTAACTCCATCTGTTCCCAGGCGACGGAGCCAGC
>test_sample,CCCCCCCCCCCCCCAA,GCATGCGTCA,GAGTTAACTCCATCTGTTCCCAGGCGACGGAGCCAGC
>test_sample,CCCCCCCCCCCCCCAA,GCATGCGTCA,GAGTTAACTCCATCTGTTCCCAGGCGACGGAGCCAGC
>test_sample,CCCCCCCCCCCCCCAA,GCATGCGTCA,GAGTTAACTCCATCTGTTCCCAGGCGACGGAGCCAGC
>test_sample,CCCCCCCCCCCCCCAA,TCATTCTACG,GAGTTAACTCCATCTGTTCCCAGGCGACGGAGCCAGC
>test_sample,CCCCCCCCCCCCCCAA,TCATTCTACG,GAGTTAACTCCATCTGTTCCCAGGCGACGGAGCCAGC
>test_sample,CCCCCCCCCCCCCCAA,TCATTCTACG,GAGTTAACTCCATCTGTTCCCAGGCGACGGAGCCAGC
>test_sample,CCCCCCCCCCCCCCAA,TCATTCTACG,GAGTTAACTCCATCTGTTCCCAGGCGACGGAGCCAGC
>test_sample,CCCCCCCCCCCCCCAA,TCATTCTACG,GAGTTAACTCCATCTGTTCCCAGGCGACGGAGCCAGC
>test_sample,CCCCCCCCCCCCCCAA,CTTTGCGCGC,GAGTTAACTCCATCTGTTCCCAGGCGACGGAGCCAGC
>test_sample,CCCCCCCCCCCCCCAA,CTTTGCGCGC,GAGTTAACTCCATCTGTTCCCAGGCGACGGAGCCAGC
>test_sample,CCCCCCCCCCCCCCAA,CTTTGCGCGC,GAGTTAACTCCATCTGTTCCCAGGCGACGGAGCCAGC
>test_sample,CCCCCCCCCCCCCCAA,CTTTGCGCGC,GAGTTAACTCCATCTGTTCCCAGGCGACGGAGCCAGC
>test_sample,CCCCCCCCCCCCCCAA,CTTTGCGCGC,GAGTTAACTCCATCTGTTCCCAGGCGACGGAGCCAGC
>test_sample,CCCCCCCCCCCCCCAA,CTACTATATC,GAGTTAACTCCATCTGTTCCCAGGCGACGGAGCCAGC
>test_sample,CCCCCCCCCCCCCCAA,CTACTATATC,GAGTTAACTCCATCTGTTCCCAGGCGACGGAGCCAGC
>test_sample,CCCCCCCCCCCCCCAA,CTACTATATC,GAGTTAACTCCATCTGTTCCCAGGCGACGGAGCCAGC
>test_sample,CCCCCCCCCCCCCCAA,CTACTATATC,GAGTTAACTCCATCTGTTCCCAGGCGACGGAGCCAGC
>test_sample,CCCCCCCCCCCCCCAA,CTACTATATC,GAGTTAACTCCATCTGTTCCCAGGCGACGGAGCCAGC
>test_sample,CCCCCCCCCCCCCCAA,TAGAGGATCT,GAGTTAACTCCATCTGTTCCCAGGCGACGGAGCCAGC
>test_sample,CCCCCCCCCCCCCCAA,TAGAGGATCT,GAGTTAACTCCATCTGTTCCCAGGCGACGGAGCCAGC
>test_sample,CCCCCCCCCCCCCCAA,TAGAGGATCT,GAGTTAACTCCATCTGTTCCCAGGCGACGGAGCCAGC
>test_sample,CCCCCCCCCCCCCCAA,TAGAGGATCT,GAGTTAACTCCATCTGTTCCCAGGCGACGGAGCCAGC
>test_sample,CCCCCCCCCCCCCCAA,TAGAGGATCT,GAGTTAACTCCATCTGTTCCCAGGCGACGGAGCCAGC
>test_sample,CCCCCCCCCCCCCCAA,GGCACCGGAG,GAGTTAACTCCATCTGTTCCCAGGCGACGGAGCCAGC
>test_sample,CCCCCCCCCCCCCCAA,GGCACCGGAG,GAGTTAACTCCATCTGTTCCCAGGCGACGGAGCCAGC
>test_sample,CCCCCCCCCCCCCCAA,GGCACCGGAG,GAGTTAACTCCATCTGTTCCCAGGCGACGGAGCCAGC
>test_sample,CCCCCCCCCCCCCCAA,GGCACCGGAG,GAGTTAACTCCATCTGTTCCCAGGCGACGGAGCCAGC
>test_sample,CCCCCCCCCCCCCCAA,GGCACCGGAG,GAGTTAACTCCATCTGTTCCCAGGCGACGGAGCCAGC
>test_sample,CCCCCCCCCCCCCCAA,GGGTAGAGTC,GAGTTAACTCCATCTGTTCCCAGGCGACGGAGCCAGC
>test_sample,CCCCCCCCCCCCCCAA,GGGTAGAGTC,GAGTTAACTCCATCTGTTCCCAGGCGACGGAGCCAGC
>test_sample,CCCCCCCCCCCCCCAA,GGGTAGAGTC,GAGTTAACTCCATCTGTTCCCAGGCGACGGAGCCAGC
>test_sample,CCCCCCCCCCCCCCAA,GGGTAGAGTC,GAGTTAACTCCATCTGTTCCCAGGCGACGGAGCCAGC
>test_sample,CCCCCCCCCCCCCCAA,GGGTAGAGTC,GAGTTAACTCCATCTGTTCCCAGGCGACGGAGCCAGC
>test_sample,CCCCCCCCCCCCCCAA,GTGACCGCAG,GAGTTAACTCCATCTGTTCCCAGGCGACGGAGCCAGC
>test_sample,CCCCCCCCCCCCCCAA,GTGACCGCAG,GAGTTAACTCCATCTGTTCCCAGGCGACGGAGCCAGC
>test_sample,CCCCCCCCCCCCCCAA,GTGACCGCAG,GAGTTAACTCCATCTGTTCCCAGGCGACGGAGCCAGC
>test_sample,CCCCCCCCCCCCCCAA,GTGACCGCAG,GAGTTAACTCCATCTGTTCCCAGGCGACGGAGCCAGC
>test_sample,CCCCCCCCCCCCCCAA,GTGACCGCAG,GAGTTAACTCCATCTGTTCCCAGGCGACGGAGCCAGC
>test_sample,CCCCCCCCCCCCCCAC,TTTCATCGTA,GCCGGAAGTTCGCCTTTACCAACGATGCGCACTAACT
>test_sample,CCCCCCCCCCCCCCAC,TTTCATCGTA,GCCGGAAGTTCGCCTTTACCAACGATGCGCACTAACT
>test_sample,CCCCCCCCCCCCCCAC,TTTCATCGTA,GCCGGAAGTTCGCCTTTACCAACGATGCGCACTAACT
>test_sample,CCCCCCCCCCCCCCAC,TTTCATCGTA,GCCGGAAGTTCGCCTTTACCAACGATGCGCACTAACT
>test_sample,CCCCCCCCCCCCCCAC,TTTCATCGTA,GCCGGAAGTTCGCCTTTACCAACGATGCGCACTAACT
>test_sample,CCCCCCCCCCCCCCAC,TTATCTCCAC,GCCGGAAGTTCGCCTTTACCAACGATGCGCACTAACT
>test_sample,CCCCCCCCCCCCCCAC,TTATCTCCAC,GCCGGAAGTTCGCCTTTACCAACGATGCGCACTAACT
>test_sample,CCCCCCCCCCCCCCAC,TTATCTCCAC,GCCGGAAGTTCGCCTTTACCAACGATGCGCACTAACT
>test_sample,CCCCCCCCCCCCCCAC,TTATCTCCAC,GCCGGAAGTTCGCCTTTACCAACGATGCGCACTAACT
>test_sample,CCCCCCCCCCCCCCAC,TTATCTCCAC,GCCGGAAGTTCGCCTTTACCAACGATGCGCACTAACT
>test_sample,CCCCCCCCCCCCCCAC,GGTTGAGCTT,GCCGGAAGTTCGCCTTTACCAACGATGCGCACTAACT
>test_sample,CCCCCCCCCCCCCCAC,GGTTGAGCTT,GCCGGAAGTTCGCCTTTACCAACGATGCGCACTAACT
>test_sample,CCCCCCCCCCCCCCAC,GGTTGAGCTT,GCCGGAAGTTCGCCTTTACCAACGATGCGCACTAACT
>test_sample,CCCCCCCCCCCCCCAC,GGTTGAGCTT,GCCGGAAGTTCGCCTTTACCAACGATGCGCACTAACT
>test_sample,CCCCCCCCCCCCCCAC,GGTTGAGCTT,GCCGGAAGTTCGCCTTTACCAACGATGCGCACTAACT
>test_sample,CCCCCCCCCCCCCCAC,GGCCGTTTTG,GCCGGAAGTTCGCCTTTACCAACGATGCGCACTAACT
>test_sample,CCCCCCCCCCCCCCAC,GGCCGTTTTG,GCCGGAAGTTCGCCTTTACCAACGATGCGCACTAACT
>test_sample,CCCCCCCCCCCCCCAC,GGCCGTTTTG,GCCGGAAGTTCGCCTTTACCAACGATGCGCACTAACT
>test_sample,CCCCCCCCCCCCCCAC,GGCCGTTTTG,GCCGGAAGTTCGCCTTTACCAACGATGCGCACTAACT
>test_sample,CCCCCCCCCCCCCCAC,GGCCGTTTTG,GCCGGAAGTTCGCCTTTACCAACGATGCGCACTAACT
>test_sample,CCCCCCCCCCCCCCAC,ATCTAGGTAG,GCCGGAAGTTCGCCTTTACCAACGATGCGCACTAACT
>test_sample,CCCCCCCCCCCCCCAC,ATCTAGGTAG,GCCGGAAGTTCGCCTTTACCAACGATGCGCACTAACT
>test_sample,CCCCCCCCCCCCCCAC,ATCTAGGTAG,GCCGGAAGTTCGCCTTTACCAACGATGCGCACTAACT
>test_sample,CCCCCCCCCCCCCCAC,ATCTAGGTAG,GCCGGAAGTTCGCCTTTACCAACGATGCGCACTAACT
>test_sample,CCCCCCCCCCCCCCAC,ATCTAGGTAG,GCCGGAAGTTCGCCTTTACCAACGATGCGCACTAACT
>test_sample,CCCCCCCCCCCCCCAC,CCCTAATAAA,GCCGGAAGTTCGCCTTTACCAACGATGCGCACTAACT
>test_sample,CCCCCCCCCCCCCCAC,CCCTAATAAA,GCCGGAAGTTCGCCTTTACCAACGATGCGCACTAACT
>test_sample,CCCCCCCCCCCCCCAC,CCCTAATAAA,GCCGGAAGTTCGCCTTTACCAACGATGCGCACTAACT
>test_sample,CCCCCCCCCCCCCCAC,CCCTAATAAA,GCCGGAAGTTCGCCTTTACCAACGATGCGCACTAACT
>test_sample,CCCCCCCCCCCCCCAC,CCCTAATAAA,GCCGGAAGTTCGCCTTTACCAACGATGCGCACTAACT
>test_sample,CCCCCCCCCCCCCCAC,GATGATTTTA,GCCGGAAGTTCGCCTTTACCAACGATGCGCACTAACT
>test_sample,CCCCCCCCCCCCCCAC,GATGATTTTA,GCCGGAAGTTCGCCTTTACCAACGATGCGCACTAACT
>test_sample,CCCCCCCCCCCCCCAC,GATGATTTTA,GCCGGAAGTTCGCCTTTACCAACGATGCGCACTAACT
>test_sample,CCCCCCCCCCCCCCAC,GATGATTTTA,GCCGGAAGTTCGCCTTTACCAACGATGCGCACTAACT
>test_sample,CCCCCCCCCCCCCCAC,GATGATTTTA,GCCGGAAGTTCGCCTTTACCAACGATGCGCACTAACT
>test_sample,CCCCCCCCCCCCCCAC,TTGCATGACA,GCCGGAAGTTCGCCTTTACCAACGATGCGCACTAACT
>test_sample,CCCCCCCCCCCCCCAC,TTGCATGACA,GCCGGAAGTTCGCCTTTACCAACGATGCGCACTAACT
>test_sample,CCCCCCCCCCCCCCAC,TTGCATGACA,GCCGGAAGTTCGCCTTTACCAACGATGCGCACTAACT
>test_sample,CCCCCCCCCCCCCCAC,TTGCATGACA,GCCGGAAGTTCGCCTTTACCAACGATGCGCACTAACT
>test_sample,CCCCCCCCCCCCCCAC,TTGCATGACA,GCCGGAAGTTCGCCTTTACCAACGATGCGCACTAACT
>test_sample,CCCCCCCCCCCCCCAC,CGCCTATATT,GCCGGAAGTTCGCCTTTACCAACGATGCGCACTAACT
>test_sample,CCCCCCCCCCCCCCAC,CGCCTATATT,GCCGGAAGTTCGCCTTTACCAACGATGCGCACTAACT
>test_sample,CCCCCCCCCCCCCCAC,CGCCTATATT,GCCGGAAGTTCGCCTTTACCAACGATGCGCACTAACT
>test_sample,CCCCCCCCCCCCCCAC,CGCCTATATT,GCCGGAAGTTCGCCTTTACCAACGATGCGCACTAACT
>test_sample,CCCCCCCCCCCCCCAC,CGCCTATATT,GCCGGAAGTTCGCCTTTACCAACGATGCGCACTAACT
>test_sample,CCCCCCCCCCCCCCAC,ATGTGCTTCG,GCCGGAAGTTCGCCTTTACCAACGATGCGCACTAACT
>test_sample,CCCCCCCCCCCCCCAC,ATGTGCTTCG,GCCGGAAGTTCGCCTTTACCAACGATGCGCACTAACT
>test_sample,CCCCCCCCCCCCCCAC,ATGTGCTTCG,GCCGGAAGTTCGCCTTTACCAACGATGCGCACTAACT
>test_sample,CCCCCCCCCCCCCCAC,ATGTGCTTCG,GCCGGAAGTTCGCCTTTACCAACGATGCGCACTAACT
>test_sample,CCCCCCCCCCCCCCAC,ATGTGCTTCG,GCCGGAAGTTCGCCTTTACCAACGATGCGCACTAACT
>test_sample,CCCCCCCCCCCCCCAC,ACACCACGAA,GCCGGAAGTTCGCCTTTACCAACGATGCGCACTAACT
>test_sample,CCCCCCCCCCCCCCAC,ACACCACGAA,GCCGGAAGTTCGCCTTTACCAACGATGCGCACTAACT
>test_sample,CCCCCCCCCCCCCCAC,ACACCACGAA,GCCGGAAGTTCGCCTTTACCAACGATGCGCACTAACT
>test_sample,CCCCCCCCCCCCCCAC,ACACCACGAA,GCCGGAAGTTCGCCTTTACCAACGATGCGCACTAACT
>test_sample,CCCCCCCCCCCCCCAC,ACACCACGAA,GCCGGAAGTTCGCCTTTACCAACGATGCGCACTAACT
>test_sample,CCCCCCCCCCCCCCAC,GTAGTAAGAC,GCCGGAAGTTCGCCTTTACCAACGATGCGCACTAACT
>test_sample,CCCCCCCCCCCCCCAC,GTAGTAAGAC,GCCGGAAGTTCGCCTTTACCAACGATGCGCACTAACT
>test_sample,CCCCCCCCCCCCCCAC,GTAGTAAGAC,GCCGGAAGTTCGCCTTTACCAACGATGCGCACTAACT
>test_sample,CCCCCCCCCCCCCCAC,GTAGTAAGAC,GCCGGAAGTTCGCCTTTACCAACGATGCGCACTAACT
>test_sample,CCCCCCCCCCCCCCAC,GTAGTAAGAC,GCCGGAAGTTCGCCTTTACCAACGATGCGCACTAACT
>test_sample,CCCCCCCCCCCCCCAC,GCGTTGTAGG,GCCGGAAGTTCGCCTTTACCAACGATGCGCACTAACT
>test_sample,CCCCCCCCCCCCCCAC,GCGTTGTAGG,GCCGGAAGTTCGCCTTTACCAACGATGCGCACTAACT
>test_sample,CCCCCCCCCCCCCCAC,GCGTTGTAGG,GCCGGAAGTTCGCCTTTACCAACGATGCGCACTAACT
>test_sample,CCCCCCCCCCCCCCAC,GCGTTGTAGG,GCCGGAAGTTCGCCTTTACCAACGATGCGCACTAACT
>test_sample,CCCCCCCCCCCCCCAC,GCGTTGTAGG,GCCGGAAGTTCGCCTTTACCAACGATGCGCACTAACT
>test_sample,CCCCCCCCCCCCCCAC,AATGCACCAC,GCCGGAAGTTCGCCTTTACCAACGATGCGCACTAACT
>test_sample,CCCCCCCCCCCCCCAC,AATGCACCAC,GCCGGAAGTTCGCCTTTACCAACGATGCGCACTAACT
>test_sample,CCCCCCCCCCCCCCAC,AATGCACCAC,GCCGGAAGTTCGCCTTTACCAACGATGCGCACTAACT
>test_sample,CCCCCCCCCCCCCCAC,AATGCACCAC,GCCGGAAGTTCGCCTTTACCAACGATGCGCACTAACT
>test_sample,CCCCCCCCCCCCCCAC,AATGCACCAC,GCCGGAAGTTCGCCTTTACCAACGATGCGCACTAACT
>test_sample,CCCCCCCCCCCCCCAC,AATGGGCTAA,GCCGGAAGTTCGCCTTTACCAACGATGCGCACTAACT
>test_sample,CCCCCCCCCCCCCCAC,AATGGGCTAA,GCCGGAAGTTCGCCTTTACCAACGATGCGCACTAACT
>test_sample,CCCCCCCCCCCCCCAC,AATGGGCTAA,GCCGGAAGTTCGCCTTTACCAACGATGCGCACTAACT
>test_sample,CCCCCCCCCCCCCCAC,AATGGGCTAA,GCCGGAAGTTCGCCTTTACCAACGATGCGCACTAACT
>test_sample,CCCCCCCCCCCCCCAC,AATGGGCTAA,GCCGGAAGTTCGCCTTTACCAACGATGCGCACTAACT
>test_sample,CCCCCCCCCCCCCCAC,CTAGTATGAC,GCCGGAAGTTCGCCTTTACCAACGATGCGCACTAACT
>test_sample,CCCCCCCCCCCCCCAC,CTAGTATGAC,GCCGGAAGTTCGCCTTTACCAACGATGCGCACTAACT
>test_sample,CCCCCCCCCCCCCCAC,CTAGTATGAC,GCCGGAAGTTCGCCTTTACCAACGATGCGCACTAACT
>test_sample,CCCCCCCCCCCCCCAC,CTAGTATGAC,GCCGGAAGTTCGCCTTTACCAACGATGCGCACTAACT
>test_sample,CCCCCCCCCCCCCCAC,CTAGTATGAC,GCCGGAAGTTCGCCTTTACCAACGATGCGCACTAACT
>test_sample,CCCCCCCCCCCCCCAG,CCGGAGCTGT,GTTTAGGCAGGTCCTGTATCAGAGAGGTTCCATCAGA
>test_sample,CCCCCCCCCCCCCCAG,CCGGAGCTGT,GTTTAGGCAGGTCCTGTATCAGAGAGGTTCCATCAGA
>test_sample,CCCCCCCCCCCCCCAG,CCGGAGCTGT,GTTTAGGCAGGTCCTGTATCAGAGAGGTTCCATCAGA
>test_sample,CCCCCCCCCCCCCCAG,CCGGAGCTGT,GTTTAGGCAGGTCCTGTATCAGAGAGGTTCCATCAGA
>test_sample,CCCCCCCCCCCCCCAG,CCGGAGCTGT,GTTTAGGCAGGTCCTGTATCAGAGAGGTTCCATCAGA
>test_sample,CCCCCCCCCCCCCCAG,TCCCTGGTGA,GTTTAGGCAGGTCCTGTATCAGAGAGGTTCCATCAGA
>test_sample,CCCCCCCCCCCCCCAG,TCCCTGGTGA,GTTTAGGCAGGTCCTGTATCAGAGAGGTTCCATCAGA
>test_sample,CCCCCCCCCCCCCCAG,TCCCTGGTGA,GTTTAGGCAGGTCCTGTATCAGAGAGGTTCCATCAGA
>test_sample,CCCCCCCCCCCCCCAG,TCCCTGGTGA,GTTTAGGCAGGTCCTGTATCAGAGAGGTTCCATCAGA
>test_sample,CCCCCCCCCCCCCCAG,TCCCTGGTGA,GTTTAGGCAGGTCCTGTATCAGAGAGGTTCCATCAGA
>test_sample,CCCCCCCCCCCCCCAG,CAGTGAGGTA,GTTTAGGCAGGTCCTGTATCAGAGAGGTTCCATCAGA
>test_sample,CCCCCCCCCCCCCCAG,CAGTGAGGTA,GTTTAGGCAGGTCCTGTATCAGAGAGGTTCCATCAGA
>test_sample,CCCCCCCCCCCCCCAG,CAGTGAGGTA,GTTTAGGCAGGTCCTGTATCAGAGAGGTTCCATCAGA
>test_sample,CCCCCCCCCCCCCCAG,CAGTGAGGTA,GTTTAGGCAGGTCCTGTATCAGAGAGGTTCCATCAGA
>test_sample,CCCCCCCCCCCCCCAG,CAGTGAGGTA,GTTTAGGCAGGTCCTGTATCAGAGAGGTTCCATCAGA
>test_sample,CCCCCCCCCCCCCCAG,GATATTCATT,GTTTAGGCAGGTCCTGTATCAGAGAGGTTCCATCAGA
>test_sample,CCCCCCCCCCCCCCAG,GATATTCATT,GTTTAGGCAGGTCCTGTATCAGAGAGGTTCCATCAGA
>test_sample,CCCCCCCCCCCCCCAG,GATATTCATT,GTTTAGGCAGGTCCTGTATCAGAGAGGTTCCATCAGA
>test_sample,CCCCCCCCCCCCCCAG,GATATTCATT,GTTTAGGCAGGTCCTGTATCAGAGAGGTTCCATCAGA
>test_sample,CCCCCCCCCCCCCCAG,GATATTCATT,GTTTAGGCAGGTCCTGTATCAGAGAGGTTCCATCAGA
>test_sample,CCCCCCCCCCCCCCAG,ACGATGTATG,GTTTAGGCAGGTCCTGTATCAGAGAGGTTCCATCAGA
>test_sample,CCCCCCCCCCCCCCAG,ACGATGTATG,GTTTAGGCAGGTCCTGTATCAGAGAGGTTCCATCAGA
>test_sample,CCCCCCCCCCCCCCAG,ACGATGTATG,GTTTAGGCAGGTCCTGTATCAGAGAGGTTCCATCAGA
>test_sample,CCCCCCCCCCCCCCAG,ACGATGTATG,GTTTAGGCAGGTCCTGTATCAGAGAGGTTCCATCAGA
>test_sample,CCCCCCCCCCCCCCAG,ACGATGTATG,GTTTAGGCAGGTCCTGTATCAGAGAGGTTCCATCAGA
>test_sample,CCCCCCCCCCCCCCAG,GGTATGTCGC,GTTTAGGCAGGTCCTGTATCAGAGAGGTTCCATCAGA
>test_sample,CCCCCCCCCCCCCCAG,GGTATGTCGC,GTTTAGGCAGGTCCTGTATCAGAGAGGTTCCATCAGA
>test_sample,CCCCCCCCCCCCCCAG,GGTATGTCGC,GTTTAGGCAGGTCCTGTATCAGAGAGGTTCCATCAGA
>test_sample,CCCCCCCCCCCCCCAG,GGTATGTCGC,GTTTAGGCAGGTCCTGTATCAGAGAGGTTCCATCAGA
>test_sample,CCCCCCCCCCCCCCAG,GGTATGTCGC,GTTTAGGCAGGTCCTGTATCAGAGAGGTTCCATCAGA
>test_sample,CCCCCCCCCCCCCCAG,AAGCGTCGTC,GTTTAGGCAGGTCCTGTATCAGAGAGGTTCCATCAGA
>test_sample,CCCCCCCCCCCCCCAG,AAGCGTCGTC,GTTTAGGCAGGTCCTGTATCAGAGAGGTTCCATCAGA
>test_sample,CCCCCCCCCCCCCCAG,AAGCGTCGTC,GTTTAGGCAGGTCCTGTATCAGAGAGGTTCCATCAGA
>test_sample,CCCCCCCCCCCCCCAG,AAGCGTCGTC,GTTTAGGCAGGTCCTGTATCAGAGAGGTTCCATCAGA
>test_sample,CCCCCCCCCCCCCCAG,AAGCGTCGTC,GTTTAGGCAGGTCCTGTATCAGAGAGGTTCCATCAGA
>test_sample,CCCCCCCCCCCCCCAG,GCCTAAGTTC,GTTTAGGCAGGTCCTGTATCAGAGAGGTTCCATCAGA
>test_sample,CCCCCCCCCCCCCCAG,GCCTAAGTTC,GTTTAGGCAGGTCCTGTATCAGAGAGGTTCCATCAGA
>test_sample,CCCCCCCCCCCCCCAG,GCCTAAGTTC,GTTTAGGCAGGTCCTGTATCAGAGAGGTTCCATCAGA
>test_sample,CCCCCCCCCCCCCCAG,GCCTAAGTTC,GTTTAGGCAGGTCCTGTATCAGAGAGGTTCCATCAGA
>test_sample,CCCCCCCCCCCCCCAG,GCCTAAGTTC,GTTTAGGCAGGTCCTGTATCAGAGAGGTTCCATCAGA
>test_sample,CCCCCCCCCCCCCCAG,CTCTAGTTGT,GTTTAGGCAGGTCCTGTATCAGAGAGGTTCCATCAGA
>test_sample,CCCCCCCCCCCCCCAG,CTCTAGTTGT,GTTTAGGCAGGTCCTGTATCAGAGAGGTTCCATCAGA
>test_sample,CCCCCCCCCCCCCCAG,CTCTAGTTGT,GTTTAGGCAGGTCCTGTATCAGAGAGGTTCCATCAGA
>test_sample,CCCCCCCCCCCCCCAG,CTCTAGTTGT,GTTTAGGCAGGTCCTGTATCAGAGAGGTTCCATCAGA
>test_sample,CCCCCCCCCCCCCCAG,CTCTAGTTGT,GTTTAGGCAGGTCCTGTATCAGAGAGGTTCCATCAGA
>test_sample,CCCCCCCCCCCCCCAG,GTAAAAAAAA,GTTTAGGCAGGTCCTGTATCAGAGAGGTTCCATCAGA
>test_sample,CCCCCCCCCCCCCCAG,GTAAAAAAAA,GTTTAGGCAGGTCCTGTATCAGAGAGGTTCCATCAGA
>test_sample,CCCCCCCCCCCCCCAG,GTAAAAAAAA,GTTTAGGCAGGTCCTGTATCAGAGAGGTTCCATCAGA
>test_sample,CCCCCCCCCCCCCCAG,GTAAAAAAAA,GTTTAGGCAGGTCCTGTATCAGAGAGGTTCCATCAGA
>test_sample,CCCCCCCCCCCCCCAG,GTAAAAAAAA,GTTTAGGCAGGTCCTGTATCAGAGAGGTTCCATCAGA
>test_sample,CCCCCCCCCCCCCCAG,AAATATTGTC,GTTTAGGCAGGTCCTGTATCAGAGAGGTTCCATCAGA
>test_sample,CCCCCCCCCCCCCCAG,AAATATTGTC,GTTTAGGCAGGTCCTGTATCAGAGAGGTTCCATCAGA
>test_sample,CCCCCCCCCCCCCCAG,AAATATTGTC,GTTTAGGCAGGTCCTGTATCAGAGAGGTTCCATCAGA
>test_sample,CCCCCCCCCCCCCCAG,AAATATTGTC,GTTTAGGCAGGTCCTGTATCAGAGAGGTTCCATCAGA
>test_sample,CCCCCCCCCCCCCCAG,AAATATTGTC,GTTTAGGCAGGTCCTGTATCAGAGAGGTTCCATCAGA
>test_sample,CCCCCCCCCCCCCCAG,AAGGCAGTCA,GTTTAGGCAGGTCCTGTATCAGAGAGGTTCCATCAGA
>test_sample,CCCCCCCCCCCCCCAG,AAGGCAGTCA,GTTTAGGCAGGTCCTGTATCAGAGAGGTTCCATCAGA
>test_sample,CCCCCCCCCCCCCCAG,AAGGCAGTCA,GTTTAGGCAGGTCCTGTATCAGAGAGGTTCCATCAGA
>test_sample,CCCCCCCCCCCCCCAG,AAGGCAGTCA,GTTTAGGCAGGTCCTGTATCAGAGAGGTTCCATCAGA
>test_sample,CCCCCCCCCCCCCCAG,AAGGCAGTCA,GTTTAGGCAGGTCCTGTATCAGAGAGGTTCCATCAGA
>test_sample,CCCCCCCCCCCCCCAT,CTTTAAGATG,GACCACGCGTGGTTTTGCTGCGATCAACAATGCTCAC
>test_sample,CCCCCCCCCCCCCCAT,CTTTAAGATG,GACCACGCGTGGTTTTGCTGCGATCAACAATGCTCAC
>test_sample,CCCCCCCCCCCCCCAT,CTTTAAGATG,GACCACGCGTGGTTTTGCTGCGATCAACAATGCTCAC
>test_sample,CCCCCCCCCCCCCCAT,CTTTAAGATG,GACCACGCGTGGTTTTGCTGCGATCAACAATGCTCAC
>test_sample,CCCCCCCCCCCCCCAT,CTTTAAGATG,GACCACGCGTGGTTTTGCTGCGATCAACAATGCTCAC
>test_sample,CCCCCCCCCCCCCCAT,GGTGATACAA,GACCACGCGTGGTTTTGCTGCGATCAACAATGCTCAC
>test_sample,CCCCCCCCCCCCCCAT,GGTGATACAA,GACCACGCGTGGTTTTGCTGCGATCAACAATGCTCAC
>test_sample,CCCCCCCCCCCCCCAT,GGTGATACAA,GACCACGCGTGGTTTTGCTGCGATCAACAATGCTCAC
>test_sample,CCCCCCCCCCCCCCAT,GGTGATACAA,GACCACGCGTGGTTTTGCTGCGATCAACAATGCTCAC
>test_sample,CCCCCCCCCCCCCCAT,GGTGATACAA,GACCACGCGTGGTTTTGCTGCGATCAACAATGCTCAC
>test_sample,CCCCCCCCCCCCCCAT,AGGCTGGCCG,GACCACGCGTGGTTTTGCTGCGATCAACAATGCTCAC
>test_sample,CCCCCCCCCCCCCCAT,AGGCTGGCCG,GACCACGCGTGGTTTTGCTGCGATCAACAATGCTCAC
>test_sample,CCCCCCCCCCCCCCAT,AGGCTGGCCG,GACCACGCGTGGTTTTGCTGCGATCAACAATGCTCAC
>test_sample,CCCCCCCCCCCCCCAT,AGGCTGGCCG,GACCACGCGTGGTTTTGCTGCGATCAACAATGCTCAC
>test_sample,CCCCCCCCCCCCCCAT,AGGCTGGCCG,GACCACGCGTGGTTTTGCTGCGATCAACAATGCTCAC
>test_sample,CCCCCCCCCCCCCCAT,TGGTTACGTT,GACCACGCGTGGTTTTGCTGCGATCAACAATGCTCAC
>test_sample,CCCCCCCCCCCCCCAT,TGGTTACGTT,GACCACGCGTGGTTTTGCTGCGATCAACAATGCTCAC
>test_sample,CCCCCCCCCCCCCCAT,TGGTTACGTT,GACCACGCGTGGTTTTGCTGCGATCAACAATGCTCAC
>test_sample,CCCCCCCCCCCCCCAT,TGGTTACGTT,GACCACGCGTGGTTTTGCTGCGATCAACAATGCTCAC
>test_sample,CCCCCCCCCCCCCCAT,TGGTTACGTT,GACCACGCGTGGTTTTGCTGCGATCAACAATGCTCAC
>test_sample,CCCCCCCCCCCCCCAT,AGAACCTCTT,GACCACGCGTGGTTTTGCTGCGATCAACAATGCTCAC
>test_sample,CCCCCCCCCCCCCCAT,AGAACCTCTT,GACCACGCGTGGTTTTGCTGCGATCAACAATGCTCAC
>test_sample,CCCCCCCCCCCCCCAT,AGAACCTCTT,GACCACGCGTGGTTTTGCTGCGATCAACAATGCTCAC
>test_sample,CCCCCCCCCCCCCCAT,AGAACCTCTT,GACCACGCGTGGTTTTGCTGCGATCAACAATGCTCAC
>test_sample,CCCCCCCCCCCCCCAT,AGAACCTCTT,GACCACGCGTGGTTTTGCTGCGATCAACAATGCTCAC
>test_sample,CCCCCCCCCCCCCCAT,GTCTGGGTGC,GACCACGCGTGGTTTTGCTGCGATCAACAATGCTCAC
>test_sample,CCCCCCCCCCCCCCAT,GTCTGGGTGC,GACCACGCGTGGTTTTGCTGCGATCAACAATGCTCAC
>test_sample,CCCCCCCCCCCCCCAT,GTCTGGGTGC,GACCACGCGTGGTTTTGCTGCGATCAACAATGCTCAC
>test_sample,CCCCCCCCCCCCCCAT,GTCTGGGTGC,GACCACGCGTGGTTTTGCTGCGATCAACAATGCTCAC
>test_sample,CCCCCCCCCCCCCCAT,GTCTGGGTGC,GACCACGCGTGGTTTTGCTGCGATCAACAATGCTCAC
>test_sample,CCCCCCCCCCCCCCAT,TTTTCTTCTT,GACCACGCGTGGTTTTGCTGCGATCAACAATGCTCAC
>test_sample,CCCCCCCCCCCCCCAT,TTTTCTTCTT,GACCACGCGTGGTTTTGCTGCGATCAACAATGCTCAC
>test_sample,CCCCCCCCCCCCCCAT,TTTTCTTCTT,GACCACGCGTGGTTTTGCTGCGATCAACAATGCTCAC
>test_sample,CCCCCCCCCCCCCCAT,TTTTCTTCTT,GACCACGCGTGGTTTTGCTGCGATCAACAATGCTCAC
>test_sample,CCCCCCCCCCCCCCAT,TTTTCTTCTT,GACCACGCGTGGTTTTGCTGCGATCAACAATGCTCAC
>test_sample,CCCCCCCCCCCCCCAT,ATGGGTTCAA,GACCACGCGTGGTTTTGCTGCGATCAACAATGCTCAC
>test_sample,CCCCCCCCCCCCCCAT,ATGGGTTCAA,GACCACGCGTGGTTTTGCTGCGATCAACAATGCTCAC
>test_sample,CCCCCCCCCCCCCCAT,ATGGGTTCAA,GACCACGCGTGGTTTTGCTGCGATCAACAATGCTCAC
>test_sample,CCCCCCCCCCCCCCAT,ATGGGTTCAA,GACCACGCGTGGTTTTGCTGCGATCAACAATGCTCAC
>test_sample,CCCCCCCCCCCCCCAT,ATGGGTTCAA,GACCACGCGTGGTTTTGCTGCGATCAACAATGCTCAC
>test_sample,CCCCCCCCCCCCCCCA,GCATCGACTA,TCTGGCAATGGCAAGTAGCAGCGAAGGTGGCTCCCCC
>test_sample,CCCCCCCCCCCCCCCA,GCATCGACTA,TCTGGCAATGGCAAGTAGCAGCGAAGGTGGCTCCCCC
>test_sample,CCCCCCCCCCCCCCCA,GCATCGACTA,TCTGGCAATGGCAAGTAGCAGCGAAGGTGGCTCCCCC
>test_sample,CCCCCCCCCCCCCCCA,GCATCGACTA,TCTGGCAATGGCAAGTAGCAGCGAAGGTGGCTCCCCC
>test_sample,CCCCCCCCCCCCCCCA,GCATCGACTA,TCTGGCAATGGCAAGTAGCAGCGAAGGTGGCTCCCCC
>test_sample,CCCCCCCCCCCCCCCA,CGTCTCATAC,TCTGGCAATGGCAAGTAGCAGCGAAGGTGGCTCCCCC
>test_sample,CCCCCCCCCCCCCCCA,CGTCTCATAC,TCTGGCAATGGCAAGTAGCAGCGAAGGTGGCTCCCCC
>test_sample,CCCCCCCCCCCCCCCA,CGTCTCATAC,TCTGGCAATGGCAAGTAGCAGCGAAGGTGGCTCCCCC
>test_sample,CCCCCCCCCCCCCCCA,CGTCTCATAC,TCTGGCAATGGCAAGTAGCAGCGAAGGTGGCTCCCCC
>test_sample,CCCCCCCCCCCCCCCA,CGTCTCATAC,TCTGGCAATGGCAAGTAGCAGCGAAGGTGGCTCCCCC
>test_sample,CCCCCCCCCCCCCCCA,GACGTTCGCA,TCTGGCAATGGCAAGTAGCAGCGAAGGTGGCTCCCCC
>test_sample,CCCCCCCCCCCCCCCA,GACGTTCGCA,TCTGGCAATGGCAAGTAGCAGCGAAGGTGGCTCCCCC
>test_sample,CCCCCCCCCCCCCCCA,GACGTTCGCA,TCTGGCAATGGCAAGTAGCAGCGAAGGTGGCTCCCCC
>test_sample,CCCCCCCCCCCCCCCA,GACGTTCGCA,TCTGGCAATGGCAAGTAGCAGCGAAGGTGGCTCCCCC
>test_sample,CCCCCCCCCCCCCCCA,GACGTTCGCA,TCTGGCAATGGCAAGTAGCAGCGAAGGTGGCTCCCCC
>test_sample,CCCCCCCCCCCCCCCA,ACGTTAGTCG,TCTGGCAATGGCAAGTAGCAGCGAAGGTGGCTCCCCC
>test_sample,CCCCCCCCCCCCCCCA,ACGTTAGTCG,TCTGGCAATGGCAAGTAGCAGCGAAGGTGGCTCCCCC
>test_sample,CCCCCCCCCCCCCCCA,ACGTTAGTCG,TCTGGCAATGGCAAGTAGCAGCGAAGGTGGCTCCCCC
>test_sample,CCCCCCCCCCCCCCCA,ACGTTAGTCG,TCTGGCAATGGCAAGTAGCAGCGAAGGTGGCTCCCCC
>test_sample,CCCCCCCCCCCCCCCA,ACGTTAGTCG,TCTGGCAATGGCAAGTAGCAGCGAAGGTGGCTCCCCC
>test_sample,CCCCCCCCCCCCCCAC,ACTTTAATGA,AAAATCCATTCCGGATGGACAGTGACACCGAGAACGA
>test_sample,CCCCCCCCCCCCCCAC,ACTTTAATGA,AAAATCCATTCCGGATGGACAGTGACACCGAGAACGA
>test_sample,CCCCCCCCCCCCCCAC,ACTTTAATGA,AAAATCCATTCCGGATGGACAGTGACACCGAGAACGA
>test_sample,CCCCCCCCCCCCCCAC,ACTTTAATGA,AAAATCCATTCCGGATGGACAGTGACACCGAGAACGA
>test_sample,CCCCCCCCCCCCCCAC,ACTTTAATGA,AAAATCCATTCCGGATGGACAGTGACACCGAGAACGA
